{ "ob9value": [ 1246.000000, 350.000000, "spr_pixel_tree", 1.000000, 1.000000, 0.000000, 16777215.000000, 1.000000, 1.000000, 94.000000, -34.000000, 0.000000, 0.000000, 0.000000, 0.000000, -4.000000, 0.000000, 0.000000, "<undefined>", 1.000000, 0.000000, 0.000000, 2.000000, 1.000000, -1.000000, 0.000000, "<undefined>", "animation2", 1.000000, 0.000000, 0.000000, 31.057074, 1.000000, 0.000000, 1.000000, 0.000000, 0.000000, -4.000000, 0.000000, "dks_draw_2D", 1.000000, 0.000000, 1.000000, 0.000000, 0.000000, 0.000000, 0.000000, 0.000000, 0.000000, 1.000000, 1.000000, 0.000000, 0.000000, 0.000000 ], "ob7tween": [ 0.000000, "EaseInOutSine", 2.000000, 1.000000, 1.000000, 2.000000, "x", 1152.000000, 1406.000000 ], "ob5bezier1": [ -1012.000000, 1198.000000, -1012.000000, -649.000000, 6459.000000, -681.000000, 6459.000000, 1179.000000 ], "ob10bezier1": [ 1.000000, 48.000000, -114.000000, 38.000000, -114.000000, -31.000000, 112.000000, -31.000000, 112.000000, 38.000000 ], "objects": 19.000000, "ob7phyprops": [ "Polygon", 0.000000, 0.100000, 1.000000, 0.100000, 0.100000, 0.200000, 1.000000, 0.000000, 0.000000, 0.000000, "disabled", 1.000000, 1.000000 ], "ob7poly_list": [ 1.000000, 48.000000, -114.000000, 38.000000, -114.000000, -31.000000, 112.000000, -31.000000, 112.000000, 38.000000 ], "ob3phyprops": [ "Polygon", 1.000000, 0.000000, 1.000000, 0.100000, 0.100000, 1.000000, 1.000000, 0.000000, 0.000000, 1.000000, "disabled", 1.000000, 1.000000 ], "sprite_tab": [ "Character", "Tiling", "Light masks", "Backgrounds", "Fill Textures", "Edge Textures" ], "ob10poly_list": [ 1.000000, 48.000000, -114.000000, 38.000000, -114.000000, -31.000000, 112.000000, -31.000000, 112.000000, 38.000000 ], "interface": [ 256.000000, 1.000000, 0.010000, 0.200000, 1.000000, 1.000000 ], "ob13poly_list": [ 1.000000, 38.000000, -114.000000, 38.000000, -114.000000, -31.000000, 112.000000, -31.000000, 112.000000, 38.000000 ], "ob11value": [ 545.000000, 349.000000, "spr_pixel_tree", 1.000000, 1.000000, 0.000000, 16777215.000000, 1.000000, 1.000000, -95.000000, -35.000000, 0.000000, 0.000000, 0.000000, 0.000000, -4.000000, 0.000000, 0.000000, "<undefined>", 1.000000, 0.000000, 0.000000, 2.000000, 1.000000, -1.000000, 0.000000, "<undefined>", "animation4", 1.000000, 0.000000, 0.000000, 39.026245, 1.000000, 0.000000, 1.000000, 0.000000, 0.000000, -4.000000, 0.000000, "dks_draw_2D", 1.000000, 0.000000, 1.000000, 0.000000, 0.000000, 0.000000, 0.000000, 0.000000, 0.000000, 1.000000, 1.000000, 0.000000, 0.000000, 0.000000 ], "ob5poly_list": [ -1012.000000, 1198.000000, -1012.000000, -649.000000, 6459.000000, -681.000000, 6459.000000, 1179.000000 ], "ob13value": [ 1792.000000, 384.000000, "spr_icon_object", 1.000000, 1.000000, 0.000000, 16777215.000000, 1.000000, 0.000000, 1405.000000, 251.000000, 0.000000, 1.000000, 1.000000, 0.000000, -4.000000, 0.000000, 0.000000, "spr_edge_pack_0", 0.000000, 1.000000, 1.000000, 2.000000, 1.000000, -1.000000, 1.000000, "spr_fill_pack_0", 0.000000, 1.000000, 0.000000, 0.000000, 0.000000, 0.000000, 0.000000, 0.000000, 0.000000, 0.000000, -4.000000, 0.000000, "dks_draw_vertex", 1.000000, 0.000000, 1.000000, 0.000000, -6.000000, 0.000000, 0.000000, 0.000000, 0.000000, 1.000000, 1.000000, 0.000000, 0.000000, 0.000000 ], "ob15value": [ 1885.000000, 346.000000, "spr_pixel_tree", 1.000000, 1.000000, 0.000000, 16777215.000000, 1.000000, 0.000000, 93.000000, -38.000000, 0.000000, 0.000000, 0.000000, 0.000000, -4.000000, 0.000000, 0.000000, "<undefined>", 1.000000, 0.000000, 0.000000, 2.000000, 1.000000, -1.000000, 0.000000, "<undefined>", "animation2", 1.000000, 0.000000, 0.000000, 37.415691, 1.000000, 0.000000, 0.000000, 0.000000, 0.000000, -4.000000, 0.000000, "dks_draw_2D", 1.000000, 0.000000, 1.000000, 0.000000, 0.000000, 0.000000, 0.000000, 0.000000, 0.000000, 1.000000, 1.000000, 0.000000, 0.000000, 0.000000 ], "ob3bezier2": [ -1.010010, 3.560059, -6.010010, -13.439941, -0.010010, -24.439941, 5.989990, -13.439941, 0.989990, 3.560059 ], "ob17value": [ 1790.000000, 259.000000, "spr_icon_object", 0.160000, 0.160000, 0.000000, 16777215.000000, 1.000000, 0.000000, 1754.000000, 202.000000, 0.000000, 0.000000, 0.000000, 0.000000, -4.000000, 0.000000, 0.000000, "<undefined>", 0.000000, 0.000000, 0.000000, 2.000000, 1.000000, -1.000000, 1.000000, "<undefined>", 0.000000, 1.000000, 0.000000, 0.000000, 0.000000, 0.000000, 0.000000, 0.000000, 0.000000, 0.000000, "obj_level_warp", 0.000000, "dks_draw_2D", 1.000000, 0.000000, 1.000000, 0.000000, 0.000000, 0.000000, 0.000000, 0.000000, 0.000000, 1.000000, 0.000000, 0.000000, 0.000000, 0.000000 ], "ob11bind": 10.000000, "ob18particles": [ 0.000000, 0.000000, 0.000000, 1.000000, 2.000000, 0.000000, 0.000000, 16769101.000000, 16768603.000000, 16763739.000000, 0.000000, 1.000000, 0.000000, 0.000000, 0.000000, -10.000000, 0.000000, 90.000000, 90.000000, 0.000000, 180.000000, 1.000000, 360.000000, 0.000000, 0.000000, 0.000000, 0.000000, 0.000000, 1.000000, 10.000000, 30.000000, 1.000000, 0.000000, 0.000000, 1.000000, 1.000000, 0.000000, -33.000000, 26.000000, 17.000000, 76.000000 ], "ob14bind": 13.000000, "ob13bezier2": [ 1.000000, 38.000000, -114.000000, 38.000000, -114.000000, -31.000000, 112.000000, -31.000000, 112.000000, 38.000000 ], "ob9bind": 7.000000, "ob3value": [ 193.000000, 250.000000, "spr_hero_idle", 1.000000, 1.000000, 0.000000, 16777215.000000, 1.000000, -1.000000, 0.000000, 57.000000, 0.000000, 0.000000, 1.000000, 0.000000, -4.000000, 0.000000, 0.000000, "<undefined>", 0.000000, 0.000000, 0.000000, 2.000000, 1.000000, 0.000000, 1.000000, "<undefined>", 0.000000, 1.000000, 0.000000, 0.000000, 0.000000, 0.000000, 0.000000, -1.000000, 0.000000, 0.000000, "obj_hero", 0.000000, "dks_draw_2D", 1.000000, 0.000000, 1.000000, 0.000000, 0.000000, 0.000000, 0.000000, 0.000000, 0.000000, 1.000000, 1.000000, 0.000000, 0.000000, 0.000000 ], "ob10phyprops": [ "Polygon", 0.000000, 0.100000, 1.000000, 0.100000, 0.100000, 0.200000, 1.000000, 0.000000, 0.000000, 0.000000, "disabled", 1.000000, 1.000000 ], "ob0poly_list": [ 1.000000, 38.000000, -114.000000, 38.000000, -114.000000, -31.000000, 112.000000, -31.000000, 112.000000, 38.000000 ], "ob0bezier1": [ 1.000000, 38.000000, -114.000000, 38.000000, -114.000000, -31.000000, 112.000000, -31.000000, 112.000000, 38.000000 ], "ob1value": [ 158.000000, 346.000000, "spr_pixel_tree", 1.000000, 1.000000, 0.000000, 16777215.000000, 1.000000, 0.000000, -98.000000, -38.000000, 0.000000, 0.000000, 0.000000, 0.000000, -4.000000, 0.000000, 0.000000, "<undefined>", 1.000000, 0.000000, 0.000000, 2.000000, 1.000000, -1.000000, 0.000000, "<undefined>", "animation4", 1.000000, 0.000000, 0.000000, 1.348132, 1.000000, 0.000000, 0.000000, 0.000000, 0.000000, -4.000000, 0.000000, "dks_draw_2D", 1.000000, 0.000000, 1.000000, 0.000000, 0.000000, 0.000000, 0.000000, 0.000000, 0.000000, 1.000000, 1.000000, 0.000000, 0.000000, 0.000000 ], "ob3poly_list": [ -1.010010, 3.560059, -6.010010, -13.439941, -0.010010, -24.439941, 5.989990, -13.439941, 0.989990, 3.560059 ], "ob7value": [ 1152.000000, 384.000000, "spr_icon_object", 1.000000, 1.000000, 0.000000, 16777215.000000, 1.000000, 0.000000, 575.000000, 291.000000, 0.000000, 1.000000, 1.000000, 0.000000, -4.000000, 0.000000, 0.000000, "spr_edge_pack_0", 0.000000, 1.000000, 1.000000, 2.000000, 1.000000, -1.000000, 1.000000, "spr_fill_pack_0", 0.000000, 1.000000, 0.000000, 0.000000, 0.000000, 0.000000, 0.000000, 0.000000, 0.000000, 0.000000, "obj_platform", 0.000000, "dks_draw_vertex", 1.000000, 1.000000, 1.000000, 0.000000, -6.000000, 0.000000, 0.000000, 0.000000, 0.000000, 1.000000, 1.000000, 0.000000, 0.000000, 0.000000 ], "ob7bezier1": [ 1.000000, 48.000000, -114.000000, 38.000000, -114.000000, -31.000000, 112.000000, -31.000000, 112.000000, 38.000000 ], "ob2bind": 0.000000,