{ "ob9value": [ 1792.000000, 384.000000, "spr_icon_object", 1.000000, 1.000000, 0.000000, 16777215.000000, 1.000000, 0.000000, 1405.000000, 251.000000, 0.000000, 1.000000, 1.000000, 0.000000, -4.000000, 0.000000, 0.000000, "spr_edge_pack_0", 0.000000, 1.000000, 1.000000, 2.000000, 1.000000, -1.000000, 1.000000, "spr_fill_pack_0", 0.000000, 1.000000, 0.000000, 0.000000, 0.000000, 0.000000, 0.000000, 0.000000, 0.000000, 0.000000, -4.000000, 0.000000, "dks_draw_vertex", 1.000000, 0.000000, 1.000000, 0.000000, -6.000000, 0.000000, 0.000000, 0.000000, 0.000000, 1.000000, 1.000000, 0.000000, 0.000000, 0.000000 ], "ob18bezier2": [ -2978.000000, 1198.000000, -2978.000000, -649.000000, 4853.000000, -688.000000, 4853.000000, 1172.000000 ], "ob7bind": 15.000000, "ob16joint_offset": [ -3.000000, 1.000000, 0.000000, 0.000000, 0.000000, 0.000000, 0.000000, 0.000000 ], "objects": 20.000000, "ob5tween": [ 0.000000, "EaseInOutCirc", 0.000000, 1.000000, 1.000000, 2.000000, "x", 663.000000, 843.000000, 5.000000, "EaseInOutSine", 0.000000, 1.000000, 1.200000, 2.000000, "image_alpha", 0.000000, 1.000000, 6.000000, "EaseInOutSine", 2.000000, 1.000000, 1.000000, 1.000000, "image_blend", 16757760.000000, 24831.000000 ], "ob19joint_target": 16.000000, "ob17bezier1": [ -2978.000000, 1198.000000, -2978.000000, -649.000000, 4853.000000, -688.000000, 4853.000000, 1172.000000 ], "ob3phyprops": [ "Polygon", 1.000000, 0.000000, 1.000000, 0.100000, 0.100000, 1.000000, 1.000000, 0.000000, 0.000000, 1.000000, "disabled", 1.000000, 1.000000 ], "sprite_tab": [ "Character", "Tiling", "Light masks", "Backgrounds", "Fill Textures", "Edge Textures" ], "interface": [ 256.000000, 1.000000, 0.010000, 0.200000, 1.000000, 1.000000, 32.000000 ], "ob11value": [ 1883.000000, 346.000000, "spr_pixel_tree", 1.000000, 1.000000, 0.000000, 16777215.000000, 1.000000, 0.000000, 91.000000, -38.000000, 0.000000, 0.000000, 0.000000, 0.000000, -4.000000, 0.000000, 0.000000, "<undefined>", 1.000000, 0.000000, 0.000000, 2.000000, 1.000000, -1.000000, 0.000000, "<undefined>", "animation2", 1.000000, 0.000000, 0.000000, 24.314432, 1.000000, 0.000000, 0.000000, 0.000000, 0.000000, -4.000000, 0.000000, "dks_draw_2D", 1.000000, 0.000000, 1.000000, 0.000000, 0.000000, 0.000000, 0.000000, 0.000000, 0.000000, 1.000000, 1.000000, 0.000000, 0.000000, 0.000000 ], "ob15phyprops": [ "Polygon", 0.000000, 0.100000, 1.000000, 0.100000, 0.100000, 0.200000, 1.000000, 0.000000, 0.000000, 0.000000, "disabled", 1.000000, 1.000000 ], "ob16joint_target": 0.000000, "ob19joint_list": [ 0.000000, 0.000000, 0.000000, 0.000000, 1.000000, 0.000000, 0.000000, 0.000000, 0.000000, 0.000000, 0.000000 ], "ob13value": [ 1790.000000, 259.000000, "spr_icon_object", 0.160000, 0.160000, 0.000000, 16777215.000000, 1.000000, 0.000000, 1754.000000, 202.000000, 0.000000, 0.000000, 0.000000, 0.000000, -4.000000, 0.000000, 0.000000, "<undefined>", 0.000000, 0.000000, 0.000000, 2.000000, 1.000000, -1.000000, 1.000000, "<undefined>", 0.000000, 1.000000, 0.000000, 0.000000, 0.000000, 0.000000, 0.000000, 0.000000, 0.000000, 0.000000, "obj_level_warp", 0.000000, "dks_draw_2D", 1.000000, 0.000000, 1.000000, 0.000000, 0.000000, 0.000000, 0.000000, 0.000000, 0.000000, 1.000000, 0.000000, 0.000000, 0.000000, 0.000000 ], "ob19phyprops": [ "Chain", 1.000000, 0.100000, 1.000000, 0.100000, 0.100000, 0.200000, 1.000000, 1.000000, 0.000000, 0.000000, "Joint revolute", 1.000000, 1.000000 ], "ob15value": [ 1304.000000, 1211.000000, "spr_icon_object", 1.000000, 1.000000, 0.000000, 16777215.000000, 1.000000, 0.000000, 1280.000000, 384.000000, 0.000000, 1.000000, 1.000000, 0.000000, -4.000000, 0.000000, 0.000000, "spr_edge_pack_0", 0.000000, 1.000000, 1.000000, 2.000000, 1.000000, -1.000000, 1.000000, "spr_fill_pack_0", 0.000000, 1.000000, 0.000000, 0.000000, 0.000000, 0.000000, 0.000000, 0.000000, 0.000000, 0.000000, -4.000000, 0.000000, "dks_draw_vertex", 1.000000, 0.000000, 1.000000, 0.000000, -6.000000, 0.000000, 0.000000, 0.000000, 0.000000, 1.000000, 1.000000, 0.000000, 0.000000, 0.000000 ], "ob3bezier2": [ -1.010010, 3.560059, -6.010010, -13.439941, -0.010010, -24.439941, 5.989990, -13.439941, 0.989990, 3.560059 ], "ob16bezier2": [ -6.000000, 57.000000, -331.000000, 47.000000, -331.000000, -112.000000, -75.000000, -7.000000, 291.000000, 59.000000 ], "ob17value": [ 447.000000, 140.000000, "spr_icon_object", 1.000000, 1.000000, 0.000000, 16777215.000000, 1.000000, 0.000000, 444.000000, -453.000000, 0.000000, 0.000000, 1.000000, 0.000000, -4.000000, 0.000000, 0.000000, "<undefined>", 0.000000, 0.000000, 0.000000, 2.000000, 1.000000, -1.000000, 1.000000, "spr_fill_pack_0", 0.000000, 1.000000, 0.000000, 0.000000, 0.000000, 0.000000, 0.000000, 0.000000, 0.000000, 0.000000, "obj_hero_restart", 0.000000, "dks_draw_vertex", 1.000000, 0.000000, 1.000000, 0.000000, 0.000000, 0.000000, 0.000000, 0.000000, 0.000000, 1.000000, 1.000000, 0.000000, 0.000000, 6.000000 ], "ob19joint_offset": [ 0.000000, 0.000000, 0.000000, 0.000000, 0.000000, 0.000000, 0.000000, 0.000000 ], "ob11bind": 9.000000, "ob9bezier1": [ 1.000000, 38.000000, -114.000000, 38.000000, -114.000000, -31.000000, 112.000000, -31.000000, 112.000000, 38.000000 ], "ob19value": [ 1250.000000, 358.000000, "spr_pixel_tree", 1.070000, 1.070000, 0.000000, 16777215.000000, 1.000000, 0.000000, 269.000000, -16.000000, 0.000000, 0.000000, 0.000000, 1.000000, 100334.000000, 0.000000, 0.000000, "<undefined>", 1.000000, 0.000000, 0.000000, 2.000000, 1.000000, -1.000000, 1.000000, "<undefined>", "animation4", 1.000000, 0.000000, 0.000000, 2.892319, 1.000000, 0.000000, 0.000000, 0.000000, 0.000000, -4.000000, 0.000000, "dks_draw_2D", 1.000000, 0.000000, 1.000000, 0.000000, 0.000000, 0.000000, 0.000000, 0.000000, 0.000000, 1.000000, 1.000000, 0.000000, 0.000000, 0.000000 ], "ob17poly_list": [ -2978.000000, 1198.000000, -2978.000000, -649.000000, 4853.000000, -688.000000, 4853.000000, 1172.000000 ], "ob15poly_list": [ 1.000000, 48.000000, -114.000000, 38.000000, -114.000000, -31.000000, 112.000000, -31.000000, 112.000000, 38.000000 ], "ob16poly_list": [ -6.000000, 57.000000, -331.000000, 47.000000, -331.000000, -112.000000, 291.000000, -7.000000, 291.000000, 59.000000 ], "ob3value": [ 233.000000, 340.000000, "spr_hero_idle", 1.000000, 1.000000, 0.000000, 16777215.000000, 1.000000, -1.000000, 0.000000, 57.000000, 0.000000, 0.000000, 1.000000, 0.000000, -4.000000, 0.000000, 0.000000, "<undefined>", 0.000000, 0.000000, 0.000000, 2.000000, 1.000000, 0.000000, 1.000000, "<undefined>", 0.000000, 1.000000, 0.000000, 0.000000, 0.000000, 0.000000, 0.000000, -1.000000, 0.000000, 0.000000, "obj_hero", 0.000000, "dks_draw_2D", 1.000000, 0.000000, 1.000000, 0.000000, 0.000000, 0.000000, 0.000000, 0.000000, 0.000000, 1.000000, 1.000000, 0.000000, 0.000000, 0.000000 ], "ob0poly_list": [ 1.000000, 38.000000, -114.000000, 38.000000, -114.000000, -31.000000, 112.000000, -31.000000, 112.000000, 38.000000 ], "ob0bezier1": [ 1.000000, 38.000000, -114.000000, 38.000000, -114.000000, -31.000000, 112.000000, -31.000000, 112.000000, 38.000000 ], "ob1value": [ 158.000000, 346.000000, "spr_pixel_tree", 1.000000, 1.000000, 0.000000, 16777215.000000, 1.000000, 0.000000, -98.000000, -38.000000, 0.000000, 0.000000, 0.000000, 0.000000, -4.000000, 0.000000, 0.000000, "<undefined>", 1.000000, 0.000000, 0.000000, 2.000000, 1.000000, -1.000000, 0.000000, "<undefined>", "animation4", 1.000000, 0.000000, 0.000000, 28.310003, 1.000000, 0.000000, 0.000000, 0.000000, 0.000000, -4.000000, 0.000000, "dks_draw_2D", 1.000000, 0.000000, 1.000000, 0.000000, 0.000000, 0.000000, 0.000000, 0.000000, 0.000000, 1.000000, 1.000000, 0.000000, 0.000000, 0.000000 ], "ob3poly_list": [ -1.010010, 3.560059, -6.010010, -13.439941, -0.010010, -24.439941, 5.989990, -13.439941, 0.989990, 3.560059 ], "ob15bezier1": [ 1.000000, 48.000000, -114.000000, 38.000000, -114.000000, -31.000000, 112.000000, -31.000000, 112.000000, 38.000000 ],