{ "ob7tween": [ 2.000000, "EaseInOutBack", 0.000000, 1.000000, 2.010000, 0.240000, "image_xscale", 0.000000, 1.000000, 3.000000, "EaseInOutBack", 0.000000, 1.000000, 2.010000, 0.510000, "image_yscale", 0.000000, 1.000000 ], "ob7bind": 1.000000, "objects": 9.000000, "ob5tween": [ 0.000000, "EaseInOutSine", 0.000000, 1.000000, 0.000000, 0.500000, "x", -1326.000000, 639.000000, 2.000000, "EaseInOutBack", 0.000000, 1.000000, 0.000000, 0.510000, "image_xscale", -0.002000, 1.000000, 3.000000, "EaseInOutElastic", 0.000000, 1.000000, 0.000000, 1.200000, "image_yscale", -0.002000, 1.000000, 5.000000, "EaseLinear", 0.000000, 1.000000, 1.000000, 1.000000, "image_alpha", 1.000000, 2.000000, 7.000000, "EaseInOutCirc", 0.000000, 1.000000, 1.000000, 1.000000, "depth", 5000.000000, 0.000000, 8.000000, "EaseInOutSine", 0.000000, 1.000000, 1.000000, 0.500000, "x_rotation", 0.000000, 360.000000, 9.000000, "EaseInOutCirc", 0.000000, 1.000000, 1.000000, 0.500000, "y_rotation", -0.400000, 359.600000 ], "ob3tween": [ 0.000000, "EaseInOutCirc", 0.000000, 1.000000, 1.010000, 1.000000, "x", 1436.000000, 850.000000, 2.000000, "EaseInOutBack", 0.000000, 1.000000, 1.000000, 0.250000, "image_xscale", 0.001000, 0.590000, 3.000000, "EaseInOutBack", 0.000000, 1.000000, 1.000000, 0.500000, "image_yscale", 0.001000, 0.590000, 5.000000, "EaseLinear", 0.000000, 1.000000, 1.000000, 1.000000, "image_alpha", 1.000000, 1.250000 ], "sprite_tab": [ "Character", "Tiling", "Light masks", "Backgrounds", "Fill Textures", "Edge Textures" ], "interface": [ 128.000000, 1.000000, 0.010000, 0.200000, 1.000000, 1.000000 ], "ob5bind": 1.000000, "ob3value": [ 1436.000000, 201.000000, "spr_framework", 0.590000, 0.000000, 0.000000, 13622372.000000, 1.000000, 0.000000, 772.000000, -307.000000, 0.000000, 0.000000, 0.000000, 0.000000, -4.000000, 0.000000, 0.000000, "<undefined>", 0.000000, 0.000000, 0.000000, 2.000000, 1.000000, 0.000000, 0.000000, "<undefined>", 0.000000, 1.000000, 0.000000, 0.000000, 0.000000, 0.000000, 0.000000, 0.000000, 0.000000, 0.000000, "obj_particle_system", 0.000000, "dks_draw_2D", 1.000000, 1.000000, 1.000000, 0.000000, 0.000000, 0.000000, 0.000000, 0.000000, 0.000000, 1.000000, 1.000000, 0.000000, 0.000000, 0.000000 ], "ob1value": [ 664.000000, 508.000000, "spr_icon_object", 1.000000, 1.000000, 0.000000, 16777215.000000, 1.000000, 0.000000, 99.000000, -72.000000, 0.000000, 0.000000, 0.000000, 0.000000, -4.000000, 0.000000, 0.000000, "<undefined>", 0.000000, 0.000000, 0.000000, 2.000000, 1.000000, -1.000000, 0.000000, "<undefined>", 0.000000, 1.000000, 0.000000, 0.000000, 0.000000, 0.000000, 0.000000, 0.000000, 0.000000, 0.000000, "obj_darkspine_title", 0.000000, "dks_draw_2D", 1.000000, 0.000000, 1.000000, 0.000000, 0.000000, 0.000000, 0.000000, 0.000000, 0.000000, 1.000000, 0.000000, 0.000000, 0.000000, 0.000000 ], "ob7value": [ 320.000000, 537.000000, "spr_play_game", 0.000000, 0.000000, 0.000000, 2869618.000000, 1.000000, 0.000000, -344.000000, 29.000000, 0.000000, 0.000000, 0.000000, 0.000000, -4.000000, 0.000000, 0.000000, "<undefined>", 0.000000, 0.000000, 0.000000, 2.000000, 1.000000, 0.000000, 0.000000, "<undefined>", 0.000000, 1.000000, 0.000000, 0.000000, 0.000000, 0.000000, 0.000000, 0.000000, 0.000000, 0.000000, "obj_particle_system", 0.000000, "dks_draw_2D", 1.000000, 1.000000, 1.000000, 0.000000, 0.000000, 0.000000, 0.000000, 0.000000, 0.000000, 1.000000, 1.000000, 0.000000, 0.000000, 0.000000 ], "ob2bind": 1.000000, "ob5value": [ 639.000000, 162.000000, "spr_darkspine", 1.000000, 1.000000, 0.000000, 2707766.000000, 1.000000, 5000.000000, -25.000000, -346.000000, 0.000000, 0.000000, 0.000000, 0.000000, -4.000000, 0.000000, 0.000000, "<undefined>", 0.000000, 0.000000, 0.000000, 2.000000, 1.000000, 0.000000, 0.000000, "<undefined>", 0.000000, 1.000000, 0.000000, 0.000000, 0.000000, 0.000000, 0.000000, 5000.000000, 0.000000, 0.000000, "obj_particle_system", 0.000000, "dks_draw_2D", 1.000000, 1.000000, 1.000000, 0.000000, 0.000000, 0.000000, 0.000000, 0.000000, 0.000000, 1.000000, 1.000000, 0.000000, 0.000000, 0.000000 ], "ob7particles": [ 0.000000, 0.000000, 0.000000, 1.000000, 0.500000, -0.010000, 0.040000, 1483286.000000, 3984717.000000, 1483286.000000, 0.000000, 0.200000, 0.000000, 0.000000, 0.000000, 0.000000, 0.000000, 0.000000, 80.000000, 0.000000, 0.000000, 1.000000, 80.000000, 0.000000, 0.000000, 0.000000, 5.000000, 0.000000, 1.000000, 10.000000, 20.000000, 1.000000, 0.000000, 0.000000, 0.000000, 0.000000, 0.000000, 563.000000, 70.000000, 827.000000, 334.000000 ], "ob4particles": [ 0.000000, 0.000000, 0.000000, 1.000000, 1.000000, 0.000000, 0.040000, 1483286.000000, 3984717.000000, 1483286.000000, 0.000000, 0.200000, 0.000000, 0.000000, 0.000000, 0.000000, 0.000000, 0.000000, 100.000000, 1.000000, 0.000000, 1.000000, 100.000000, 0.000000, 0.000000, 0.000000, 5.000000, 0.000000, 1.000000, 10.000000, 20.000000, 1.000000, 0.000000, 0.000000, 0.000000, 0.000000, 0.000000, 595.000000, 102.000000, 827.000000, 334.000000 ], "ob3variables": [ "dks_particle_burst_3d" ], "ob0variables": [ "128", "0", "1920", "1080", "0", "0", "0", "32000", "1", "1" ], "sp_map": "{ \"default\": \"12.00\" }", "ob6tween": [ 0.000000, "EaseInOutSine", 0.000000, 1.000000, 0.000000, 0.500000, "x", -1325.000000, 640.000000, 2.000000, "EaseInOutBack", 0.000000, 1.000000, 0.000000, 0.510000, "image_xscale", -0.002000, 1.000000, 3.000000, "EaseInOutElastic", 0.000000, 1.000000, 0.000000, 1.200000, "image_yscale", -0.002000, 1.000000, 5.000000, "EaseLinear", 0.000000, 1.000000, 1.000000, 1.000000, "image_alpha", 1.000000, 2.000000, 7.000000, "EaseInOutCirc", 0.000000, 1.000000, 1.000000, 1.000000, "depth", 4960.000000, -40.000000, 8.000000, "EaseInOutSine", 0.000000, 1.000000, 1.000000, 0.500000, "x_rotation", 0.000000, 360.000000, 9.000000, "EaseInOutCirc", 0.000000, 1.000000, 1.000000, 0.500000, "y_rotation", -0.400000, 359.600000 ], "ob8value": [ 39.000000, 28.000000, "spr_cam", 1.000000, 1.000000, 0.000000, 16777215.000000, 0.000000, 0.000000, 39.000000, 28.000000, 0.000000, 0.000000, 0.000000, 0.000000, -4.000000, 0.000000, 0.000000, "<undefined>", 0.000000, 0.000000, 0.000000, 2.000000, 1.000000, -1.000000, 1.000000, "<undefined>", 0.000000, 1.000000, 0.000000, 0.000000, 0.000000, 0.000000, 0.000000, 0.000000, 0.000000, 0.000000, -4.000000, 0.000000, "dks_draw_2D", 1.000000, 0.000000, 1.000000, 0.000000, 0.000000, 0.000000, 0.000000, 0.000000, 0.000000, 1.000000, 1.000000, 0.000000, 0.000000, 0.000000 ], "ob2variables": [ "dks_particle_burst_3d" ], "ob4tween": [ 2.000000, "EaseInOutBack", 0.000000, 1.000000, 2.010000, 0.240000, "image_xscale", 0.000000, 1.000000, 3.000000, "EaseInOutBack", 0.000000, 1.000000, 2.010000, 0.510000, "image_yscale", 0.000000, 1.000000 ], "layers": [ "Origin of the world", 0.000000, 1.000000, 0.000000 ], "ob6bind": 1.000000, "ob2tween": [ 0.000000, "EaseInOutCirc", 0.000000, 1.000000, 1.010000, 1.000000, "x", -131.000000, 349.000000, 2.000000, "EaseInOutBack", 0.000000, 1.000000, 1.000000, 0.250000, "image_xscale", 0.001000, 0.590000, 3.000000, "EaseInOutBack", 0.000000, 1.000000, 1.000000, 0.500000, "image_yscale", 0.001000, 0.590000, 5.000000, "EaseLinear", 0.000000, 1.000000, 1.000000, 1.000000, "image_alpha", 1.000000, 1.000000 ], "ob5particles": [ 0.000000, 0.000000, 0.000000, 1.000000, 1.000000, 0.000000, 0.100000, 1483286.000000, 3984717.000000, 1483286.000000, 0.000000, 0.100000, 0.000000, 0.000000, 0.000000, 0.000000, 0.000000, 0.000000, 90.000000, 0.000000, 360.000000, 1.000000, 90.000000, 0.000000, 0.000000, 0.000000, 0.000000, 0.000000, 1.000000, 10.000000, 30.000000, 1.000000, 0.000000, 0.000000, 0.000000, 0.000000, 1.000000, 626.000000, 651.000000, 150.000000, 169.000000 ],